"","PFC","Subcortical","DAT1.Genotype","AgeInverseCentered","Sex.ID","reducedCorrPercentileContiguous","se","plo","phi","tlo","thi"
"1","Dorsal_ACC","Accum",-0.5,-0.015,0,0.213538950728503,0.034857722690604,0.143823505347295,0.283254396109711,-0.0325179867905417,0.459595888247548
"2","InferiorFrontalGyrus","Accum",-0.5,-0.015,0,0.143250929270051,0.0348577226906045,0.0735354838888421,0.21296637465126,-0.102806008248994,0.389307866789096
"3","Lateral_OFC","Accum",-0.5,-0.015,0,0.163950533564835,0.0348577226906045,0.0942350881836264,0.233665978946045,-0.0821064039542095,0.41000747108388
"4","Medial_OFC","Accum",-0.5,-0.015,0,0.212309169853054,0.0348577226906045,0.142593724471845,0.282024615234263,-0.0337477676659914,0.458366107372099
"5","MiddleFrontalGyrus","Accum",-0.5,-0.015,0,0.115038066441187,0.0348577226906045,0.0453226210599781,0.184753511822396,-0.131018871077858,0.361095003960232
"6","SuperiorFrontalGyrus","Accum",-0.5,-0.015,0,0.160125687318859,0.0348577226906045,0.0904102419376494,0.229841132700068,-0.0859312502001864,0.406182624837904
"7","Ventral_ACC","Accum",-0.5,-0.015,0,0.296503144146495,0.0348577226906045,0.226787698765286,0.366218589527704,0.0504462066274503,0.54256008166554
"8","Dorsal_ACC","Caudate",-0.5,-0.015,0,0.222513892184285,0.0348577226906046,0.152798446803076,0.292229337565495,-0.0235430453347596,0.46857082970333
"9","InferiorFrontalGyrus","Caudate",-0.5,-0.015,0,0.141490051518209,0.0348577226906047,0.0717746061369995,0.211205496899418,-0.104566886000836,0.387546989037254
"10","Lateral_OFC","Caudate",-0.5,-0.015,0,0.169971162052797,0.0348577226906047,0.100255716671587,0.239686607434006,-0.0760857754662484,0.416028099571842
"11","Medial_OFC","Caudate",-0.5,-0.015,0,0.151216067937357,0.0348577226906047,0.0815006225561476,0.220931513318566,-0.0948408695816881,0.397273005456402
"12","MiddleFrontalGyrus","Caudate",-0.5,-0.015,0,0.147157661470515,0.0348577226906047,0.0774422160893053,0.216873106851724,-0.0988992760485304,0.39321459898956
"13","SuperiorFrontalGyrus","Caudate",-0.5,-0.015,0,0.177740669299748,0.0348577226906047,0.108025223918538,0.247456114680957,-0.0683162682192974,0.423797606818793
"14","Ventral_ACC","Caudate",-0.5,-0.015,0,0.248291897373689,0.0348577226906047,0.17857645199248,0.318007342754898,0.002234959854644,0.494348834892734
"15","Dorsal_ACC","Putamen",-0.5,-0.015,0,0.411918511715182,0.0348577226906046,0.342203066333972,0.481633957096391,0.165861574196137,0.657975449234227
"16","InferiorFrontalGyrus","Putamen",-0.5,-0.015,0,0.282785053683659,0.0348577226906047,0.21306960830245,0.352500499064869,0.0367281161646142,0.528841991202704
"17","Lateral_OFC","Putamen",-0.5,-0.015,0,0.205444972581463,0.0348577226906047,0.135729527200253,0.275160417962672,-0.0406119649375824,0.451501910100508
"18","Medial_OFC","Putamen",-0.5,-0.015,0,0.185590063115266,0.0348577226906047,0.115874617734057,0.255305508496476,-0.0604668744037787,0.431647000634311
"19","MiddleFrontalGyrus","Putamen",-0.5,-0.015,0,0.148666563092902,0.0348577226906047,0.0789511177116929,0.218382008474112,-0.0973903744261428,0.394723500611947
"20","SuperiorFrontalGyrus","Putamen",-0.5,-0.015,0,0.208931883124311,0.0348577226906047,0.139216437743102,0.27864732850552,-0.0371250543947339,0.454988820643356
"21","Ventral_ACC","Putamen",-0.5,-0.015,0,0.258479859705795,0.0348577226906047,0.188764414324586,0.328195305087005,0.0124229221867504,0.50453679722484
"22","Dorsal_ACC","Accum",0.5,-0.015,0,0.256807180513653,0.0331225166965053,0.190562147120642,0.323052213906664,0.0117109185556379,0.501903442471668
"23","InferiorFrontalGyrus","Accum",0.5,-0.015,0,0.175082486721899,0.0331225166965061,0.108837453328886,0.241327520114911,-0.0700137752361169,0.420178748679914
"24","Lateral_OFC","Accum",0.5,-0.015,0,0.200430507674126,0.0331225166965061,0.134185474281114,0.266675541067139,-0.0446657542838891,0.445526769632142
"25","Medial_OFC","Accum",0.5,-0.015,0,0.208916259438036,0.0331225166965061,0.142671226045024,0.275161292831048,-0.0361800025199798,0.454012521396051
"26","MiddleFrontalGyrus","Accum",0.5,-0.015,0,0.144536417796656,0.0331225166965061,0.0782913844036441,0.210781451189668,-0.100559844161359,0.389632679754672
"27","SuperiorFrontalGyrus","Accum",0.5,-0.015,0,0.193811867842958,0.0331225166965061,0.127566834449946,0.26005690123597,-0.0512843941150573,0.438908129800974
"28","Ventral_ACC","Accum",0.5,-0.015,0,0.322304515953226,0.0331225166965061,0.256059482560214,0.388549549346238,0.0772082539952106,0.567400777911242
"29","Dorsal_ACC","Caudate",0.5,-0.015,0,0.25829651715392,0.0331225166965061,0.192051483760908,0.324541550546932,0.0132002551959043,0.503392779111935
"30","InferiorFrontalGyrus","Caudate",0.5,-0.015,0,0.208117701113015,0.0331225166965062,0.141872667720002,0.274362734506027,-0.0369785608450008,0.45321396307103
"31","Lateral_OFC","Caudate",0.5,-0.015,0,0.214840168605956,0.0331225166965062,0.148595135212944,0.281085201998969,-0.0302560933520593,0.459936430563972
"32","Medial_OFC","Caudate",0.5,-0.015,0,0.169869515078176,0.0331225166965062,0.103624481685163,0.236114548471188,-0.07522674687984,0.414965777036191
"33","MiddleFrontalGyrus","Caudate",0.5,-0.015,0,0.178950219462326,0.0331225166965062,0.112705186069314,0.245195252855338,-0.0661460424956895,0.424046481420342
"34","SuperiorFrontalGyrus","Caudate",0.5,-0.015,0,0.226133860064922,0.0331225166965062,0.15988882667191,0.292378893457935,-0.0189624018930931,0.471230122022938
"35","Ventral_ACC","Caudate",0.5,-0.015,0,0.278484149793609,0.0331225166965062,0.212239116400597,0.344729183186622,0.0333878878355939,0.523580411751625
"36","Dorsal_ACC","Putamen",0.5,-0.015,0,0.433469886634877,0.0331225166965061,0.367224853241865,0.499714920027889,0.188373624676862,0.678566148592893
"37","InferiorFrontalGyrus","Putamen",0.5,-0.015,0,0.31955104038762,0.0331225166965062,0.253306006994608,0.385796073780633,0.0744547784296046,0.564647302345636
"38","Lateral_OFC","Putamen",0.5,-0.015,0,0.231366405231491,0.0331225166965062,0.165121371838479,0.297611438624504,-0.0137298567265241,0.476462667189507
"39","Medial_OFC","Putamen",0.5,-0.015,0,0.183541453515643,0.0331225166965062,0.117296420122631,0.249786486908656,-0.0615548084423723,0.428637715473659
"40","MiddleFrontalGyrus","Putamen",0.5,-0.015,0,0.186427933323939,0.0331225166965062,0.120182899930926,0.252672966716951,-0.058668328634077,0.431524195281954
"41","SuperiorFrontalGyrus","Putamen",0.5,-0.015,0,0.251358397239901,0.0331225166965062,0.185113363846889,0.317603430632914,0.00626213528188574,0.496454659197917
"42","Ventral_ACC","Putamen",0.5,-0.015,0,0.255006109690184,0.0331225166965062,0.188761076297171,0.321251143083196,0.00990984773216813,0.500102371648199
"43","Dorsal_ACC","Accum",-0.5,-0.012,0,0.220948421862591,0.0314359274673833,0.158076566927824,0.283820276797358,-0.0232577273627903,0.465154571087972
"44","InferiorFrontalGyrus","Accum",-0.5,-0.012,0,0.1499624750538,0.0314359274673833,0.0870906201190331,0.212834329988566,-0.0942436741715816,0.394168624279181
"45","Lateral_OFC","Accum",-0.5,-0.012,0,0.16708237419982,0.0314359274673833,0.104210519265053,0.229954229134586,-0.0771237750255617,0.411288523425201
"46","Medial_OFC","Accum",-0.5,-0.012,0,0.214252543767232,0.0314359274673833,0.151380688832465,0.277124398701999,-0.0299536054581492,0.458458692992613
"47","MiddleFrontalGyrus","Accum",-0.5,-0.012,0,0.118317020216662,0.0314359274673833,0.0554451652818949,0.181188875151428,-0.12588912900872,0.362523169442043
"48","SuperiorFrontalGyrus","Accum",-0.5,-0.012,0,0.164566819363164,0.0314359274673833,0.101694964428397,0.22743867429793,-0.0796393298622176,0.408772968588545
"49","Ventral_ACC","Accum",-0.5,-0.012,0,0.300826178132699,0.0314359274673833,0.237954323197932,0.363698033067465,0.0566200289073175,0.54503232735808
"50","Dorsal_ACC","Caudate",-0.5,-0.012,0,0.233781674626695,0.0314359274673834,0.170909819691928,0.296653529561461,-0.0104244745986866,0.477987823852076
"51","InferiorFrontalGyrus","Caudate",-0.5,-0.012,0,0.157893206461203,0.0314359274673834,0.0950213515264358,0.22076506139597,-0.0863129427641787,0.402099355686584
"52","Lateral_OFC","Caudate",-0.5,-0.012,0,0.180011316039403,0.0314359274673835,0.117139461104636,0.24288317097417,-0.0641948331859782,0.424217465264785
"53","Medial_OFC","Caudate",-0.5,-0.012,0,0.15663431316944,0.0314359274673835,0.0937624582346733,0.219506168104207,-0.0875718360559412,0.400840462394822
"54","MiddleFrontalGyrus","Caudate",-0.5,-0.012,0,0.15595871726186,0.0314359274673835,0.0930868623270926,0.218830572196626,-0.0882474319635218,0.400164866487241
"55","SuperiorFrontalGyrus","Caudate",-0.5,-0.012,0,0.188428514985136,0.0314359274673834,0.125556660050369,0.251300369919903,-0.0557776342402452,0.432634664210517
"56","Ventral_ACC","Caudate",-0.5,-0.012,0,0.257937151667786,0.0314359274673835,0.195065296733019,0.320809006602553,0.0137310024424048,0.502143300893167
"57","Dorsal_ACC","Putamen",-0.5,-0.012,0,0.416887107148694,0.0314359274673834,0.354015252213927,0.479758962083461,0.172680957923313,0.661093256374075
"58","InferiorFrontalGyrus","Putamen",-0.5,-0.012,0,0.291321266663152,0.0314359274673835,0.228449411728386,0.354193121597919,0.0471151174377711,0.535527415888534
"59","Lateral_OFC","Putamen",-0.5,-0.012,0,0.210277866417906,0.0314359274673835,0.147406011483139,0.273149721352673,-0.033928282807475,0.454484015643288
"60","Medial_OFC","Putamen",-0.5,-0.012,0,0.190044932775426,0.0314359274673835,0.127173077840659,0.252916787710193,-0.0541612164499553,0.434251082000807
"61","MiddleFrontalGyrus","Putamen",-0.5,-0.012,0,0.153785109849922,0.0314359274673835,0.0909132549151549,0.216656964784689,-0.0904210393754596,0.397991259075303
"62","SuperiorFrontalGyrus","Putamen",-0.5,-0.012,0,0.215911363873629,0.0314359274673835,0.153039508938862,0.278783218808396,-0.0282947853517523,0.46011751309901
"63","Ventral_ACC","Putamen",-0.5,-0.012,0,0.26228765799184,0.0314359274673835,0.199415803057073,0.325159512926607,0.0180815087664585,0.506493807217221
"64","Dorsal_ACC","Accum",0.5,-0.012,0,0.265461518219807,0.0296947887828317,0.206071940654144,0.32485109578547,0.0221286287453696,0.508794407694245
"65","InferiorFrontalGyrus","Accum",0.5,-0.012,0,0.181140719255289,0.0296947887828317,0.121751141689625,0.240530296820952,-0.0621921702191487,0.424473608729726
"66","Lateral_OFC","Accum",0.5,-0.012,0,0.203133552861902,0.0296947887828317,0.143743975296239,0.262523130427566,-0.0401993366125351,0.44646644233634
"67","Medial_OFC","Accum",0.5,-0.012,0,0.215863246446948,0.0296947887828317,0.156473668881284,0.275252824012611,-0.0274696430274898,0.459196135921385
"68","MiddleFrontalGyrus","Accum",0.5,-0.012,0,0.147374391448845,0.0296947887828317,0.0879848138831816,0.206763969014508,-0.0959584980255925,0.390707280923282
"69","SuperiorFrontalGyrus","Accum",0.5,-0.012,0,0.198411390709523,0.0296947887828317,0.13902181314386,0.257800968275187,-0.0449214987649141,0.441744280183961
"70","Ventral_ACC","Accum",0.5,-0.012,0,0.328827177102248,0.0296947887828317,0.269437599536584,0.388216754667911,0.0854942876278103,0.572160066576685
"71","Dorsal_ACC","Caudate",0.5,-0.012,0,0.271791310566276,0.0296947887828317,0.212401733000613,0.33118088813194,0.0284584210918387,0.515124200040714
"72","InferiorFrontalGyrus","Caudate",0.5,-0.012,0,0.21658875997188,0.0296947887828318,0.157199182406217,0.275978337537544,-0.0267441295025574,0.459921649446318
"73","Lateral_OFC","Caudate",0.5,-0.012,0,0.21893728294401,0.0296947887828318,0.159547705378347,0.278326860509674,-0.0243956065304274,0.462270172418448
"74","Medial_OFC","Caudate",0.5,-0.012,0,0.175019386966733,0.0296947887828318,0.115629809401069,0.234408964532397,-0.0683135025077046,0.418352276441171
"75","MiddleFrontalGyrus","Caudate",0.5,-0.012,0,0.184495122989132,0.0296947887828318,0.125105545423469,0.243884700554796,-0.0588377664853051,0.42782801246357
"76","SuperiorFrontalGyrus","Caudate",0.5,-0.012,0,0.23293321310575,0.0296947887828318,0.173543635540086,0.292322790671414,-0.0103996763686876,0.476266102580187
"77","Ventral_ACC","Caudate",0.5,-0.012,0,0.286043418851567,0.0296947887828318,0.226653841285904,0.345432996417231,0.0427105293771297,0.529376308326005
"78","Dorsal_ACC","Putamen",0.5,-0.012,0,0.439706638957997,0.0296947887828317,0.380317061392334,0.499096216523661,0.19637374948356,0.683039528432435
"79","InferiorFrontalGyrus","Putamen",0.5,-0.012,0,0.326221076705457,0.0296947887828318,0.266831499139793,0.38561065427112,0.0828881872310192,0.569553966179894
"80","Lateral_OFC","Putamen",0.5,-0.012,0,0.236408964033692,0.0296947887828318,0.177019386468029,0.295798541599356,-0.00692392544074524,0.47974185350813
"81","Medial_OFC","Putamen",0.5,-0.012,0,0.18979906371825,0.0296947887828318,0.130409486152586,0.249188641283914,-0.0535338257561876,0.433131953192687
"82","MiddleFrontalGyrus","Putamen",0.5,-0.012,0,0.190224096087813,0.0296947887828318,0.130834518522149,0.249613673653476,-0.0531087933866249,0.43355698556225
"83","SuperiorFrontalGyrus","Putamen",0.5,-0.012,0,0.256847254734305,0.0296947887828318,0.197457677168641,0.316236832299968,0.0135143652598672,0.500180144208742
"84","Ventral_ACC","Putamen",0.5,-0.012,0,0.264503389331523,0.0296947887828318,0.20511381176586,0.323892966897187,0.0211704998570857,0.507836278805961
"85","Dorsal_ACC","Accum",-0.5,-0.009,0,0.228357892996679,0.0282902790044821,0.171777334987715,0.284938451005643,-0.0143046972828212,0.471020483276179
"86","InferiorFrontalGyrus","Accum",-0.5,-0.009,0,0.156674020837548,0.0282902790044815,0.100093462828585,0.213254578846511,-0.0859885694419518,0.399336611117048
"87","Lateral_OFC","Accum",-0.5,-0.009,0,0.170214214834804,0.0282902790044815,0.113633656825841,0.226794772843767,-0.0724483754446963,0.412876805114304
"88","Medial_OFC","Accum",-0.5,-0.009,0,0.216195917681411,0.0282902790044815,0.159615359672448,0.272776475690374,-0.0264666725980893,0.458858507960911
"89","MiddleFrontalGyrus","Accum",-0.5,-0.009,0,0.121595973992136,0.0282902790044815,0.0650154159831728,0.178176532001099,-0.121066616287364,0.364258564271636
"90","SuperiorFrontalGyrus","Accum",-0.5,-0.009,0,0.169007951407469,0.0282902790044815,0.112427393398506,0.225588509416432,-0.0736546388720311,0.411670541686969
"91","Ventral_ACC","Accum",-0.5,-0.009,0,0.305149212118902,0.0282902790044815,0.248568654109939,0.361729770127865,0.0624866218394023,0.547811802398402
"92","Dorsal_ACC","Caudate",-0.5,-0.009,0,0.245049457069104,0.0282902790044816,0.188468899060141,0.301630015078067,0.00238686678960395,0.487712047348604
"93","InferiorFrontalGyrus","Caudate",-0.5,-0.009,0,0.174296361404197,0.0282902790044816,0.117715803395233,0.23087691941316,-0.0683662288753034,0.416958951683697
"94","Lateral_OFC","Caudate",-0.5,-0.009,0,0.19005147002601,0.0282902790044817,0.133470912017046,0.246632028034973,-0.0526111202534904,0.43271406030551
"95","Medial_OFC","Caudate",-0.5,-0.009,0,0.162052558401524,0.0282902790044817,0.10547200039256,0.218633116410487,-0.0806100318779765,0.404715148681024
"96","MiddleFrontalGyrus","Caudate",-0.5,-0.009,0,0.164759773053204,0.0282902790044817,0.108179215044241,0.221340331062168,-0.0779028172262956,0.407422363332705
"97","SuperiorFrontalGyrus","Caudate",-0.5,-0.009,0,0.199116360670525,0.0282902790044817,0.142535802661561,0.255696918679488,-0.0435462296089754,0.441778950950025
"98","Ventral_ACC","Caudate",-0.5,-0.009,0,0.267582405961883,0.0282902790044817,0.21100184795292,0.324162963970847,0.0249198156823833,0.510244996241383
"99","Dorsal_ACC","Putamen",-0.5,-0.009,0,0.421855702582207,0.0282902790044816,0.365275144573244,0.47843626059117,0.179193112302707,0.664518292861707
"100","InferiorFrontalGyrus","Putamen",-0.5,-0.009,0,0.299857479642646,0.0282902790044817,0.243276921633682,0.356438037651609,0.0571948893631456,0.542520069922146
"101","Lateral_OFC","Putamen",-0.5,-0.009,0,0.21511076025435,0.0282902790044817,0.158530202245387,0.271691318263313,-0.0275518300251499,0.45777335053385
"102","Medial_OFC","Putamen",-0.5,-0.009,0,0.194499802435586,0.0282902790044817,0.137919244426622,0.251080360444549,-0.0481627878439143,0.437162392715086
"103","MiddleFrontalGyrus","Putamen",-0.5,-0.009,0,0.158903656606941,0.0282902790044817,0.102323098597978,0.215484214615905,-0.0837589336725587,0.401566246886441
"104","SuperiorFrontalGyrus","Putamen",-0.5,-0.009,0,0.222890844622947,0.0282902790044817,0.166310286613984,0.27947140263191,-0.019771745656553,0.465553434902447
"105","Ventral_ACC","Putamen",-0.5,-0.009,0,0.266095456277884,0.0282902790044817,0.209514898268921,0.322676014286848,0.0234328659983842,0.508758046557384
"106","Dorsal_ACC","Accum",0.5,-0.009,0,0.274115855925961,0.0266420219825115,0.220831811960938,0.327399899890984,0.0322006589708766,0.516031052881046
"107","InferiorFrontalGyrus","Accum",0.5,-0.009,0,0.187198951788679,0.0266420219825108,0.133914907823657,0.240482995753701,-0.0547162451664053,0.429114148743763
"108","Lateral_OFC","Accum",0.5,-0.009,0,0.205836598049678,0.0266420219825108,0.152552554084657,0.2591206420147,-0.036078598905406,0.447751795004763
"109","Medial_OFC","Accum",0.5,-0.009,0,0.22281023345586,0.0266420219825108,0.169526189490838,0.276094277420881,-0.0191049634992247,0.464725430410944
"110","MiddleFrontalGyrus","Accum",0.5,-0.009,0,0.150212365101034,0.0266420219825108,0.096928321136012,0.203496409066055,-0.0917028318540506,0.392127562056118
"111","SuperiorFrontalGyrus","Accum",0.5,-0.009,0,0.203010913576088,0.0266420219825108,0.149726869611067,0.25629495754111,-0.0389042833789958,0.444926110531173
"112","Ventral_ACC","Accum",0.5,-0.009,0,0.33534983825127,0.0266420219825108,0.282065794286248,0.388633882216291,0.0934346412961853,0.577265035206354
"113","Dorsal_ACC","Caudate",0.5,-0.009,0,0.285286103978633,0.0266420219825109,0.232002060013611,0.338570147943654,0.0433709070235482,0.527201300933717
"114","InferiorFrontalGyrus","Caudate",0.5,-0.009,0,0.225059818830746,0.0266420219825109,0.171775774865724,0.278343862795768,-0.0168553781243387,0.46697501578583
"115","Lateral_OFC","Caudate",0.5,-0.009,0,0.223034397282064,0.026642021982511,0.169750353317042,0.276318441247086,-0.0188807996730203,0.464949594237148
"116","Medial_OFC","Caudate",0.5,-0.009,0,0.180169258855291,0.026642021982511,0.126885214890269,0.233453302820312,-0.0617459380997938,0.422084455810375
"117","MiddleFrontalGyrus","Caudate",0.5,-0.009,0,0.190040026515939,0.026642021982511,0.136755982550917,0.243324070480961,-0.0518751704391455,0.431955223471023
"118","SuperiorFrontalGyrus","Caudate",0.5,-0.009,0,0.239732566146577,0.0266420219825109,0.186448522181556,0.293016610111599,-0.00218263080850689,0.481647763101662
"119","Ventral_ACC","Caudate",0.5,-0.009,0,0.293602687909525,0.0266420219825109,0.240318643944503,0.346886731874547,0.0516874909544409,0.53551788486461
"120","Dorsal_ACC","Putamen",0.5,-0.009,0,0.445943391281117,0.0266420219825109,0.392659347316095,0.499227435246139,0.204028194326033,0.687858588236201
"121","InferiorFrontalGyrus","Putamen",0.5,-0.009,0,0.332891113023293,0.0266420219825109,0.279607069058271,0.386175156988315,0.0909759160682089,0.574806309978378
"122","Lateral_OFC","Putamen",0.5,-0.009,0,0.241451522835893,0.026642021982511,0.188167478870871,0.294735566800915,-0.000463674119191348,0.483366719790977
"123","Medial_OFC","Putamen",0.5,-0.009,0,0.196056673920857,0.026642021982511,0.142772629955835,0.249340717885878,-0.0458585230342278,0.437971870875941
"124","MiddleFrontalGyrus","Putamen",0.5,-0.009,0,0.194020258851687,0.026642021982511,0.140736214886665,0.247304302816708,-0.0478949381033978,0.435935455806771
"125","SuperiorFrontalGyrus","Putamen",0.5,-0.009,0,0.262336112228708,0.026642021982511,0.209052068263686,0.31562015619373,0.0204209152736239,0.504251309183793
"126","Ventral_ACC","Putamen",0.5,-0.009,0,0.274000668972863,0.0266420219825109,0.220716625007841,0.327284712937885,0.0320854720177784,0.515915865927947
"127","Dorsal_ACC","Accum",-0.5,-0.006,0,0.235767364130767,0.0255230852842209,0.184721193562325,0.286813534699209,-0.00566478929179029,0.477199517553325
"128","InferiorFrontalGyrus","Accum",-0.5,-0.006,0,0.163385566621297,0.0255230852842198,0.112339396052857,0.214431737189736,-0.0780465868012602,0.404817720043854
"129","Lateral_OFC","Accum",-0.5,-0.006,0,0.173346055469788,0.0255230852842198,0.122299884901348,0.224392226038227,-0.0680860979527691,0.414778208892345
"130","Medial_OFC","Accum",-0.5,-0.006,0,0.218139291595589,0.0255230852842198,0.16709312102715,0.269185462164029,-0.0232928618269676,0.459571445018146
"131","MiddleFrontalGyrus","Accum",-0.5,-0.006,0,0.12487492776761,0.0255230852842198,0.0738287571991706,0.17592109833605,-0.116557225654947,0.366307081190167
"132","SuperiorFrontalGyrus","Accum",-0.5,-0.006,0,0.173449083451774,0.0255230852842198,0.122402912883335,0.224495254020214,-0.0679830699707828,0.414881236874331
"133","Ventral_ACC","Accum",-0.5,-0.006,0,0.309472246105106,0.0255230852842198,0.258426075536666,0.360518416673545,0.0680400926825489,0.550904399527663
"134","Dorsal_ACC","Caudate",-0.5,-0.006,0,0.256317239511513,0.0255230852842198,0.205271068943074,0.307363410079953,0.0148850860889563,0.49774939293407
"135","InferiorFrontalGyrus","Caudate",-0.5,-0.006,0,0.19069951634719,0.0255230852842199,0.139653345778751,0.24174568691563,-0.0507326370753665,0.432131669769747
"136","Lateral_OFC","Caudate",-0.5,-0.006,0,0.200091624012616,0.0255230852842199,0.149045453444176,0.251137794581056,-0.0413405294099408,0.441523777435173
"137","Medial_OFC","Caudate",-0.5,-0.006,0,0.167470803633607,0.0255230852842199,0.116424633065167,0.218516974202047,-0.0739613497889501,0.408902957056164
"138","MiddleFrontalGyrus","Caudate",-0.5,-0.006,0,0.173560828844549,0.0255230852842199,0.122514658276109,0.224606999412989,-0.0678713245780077,0.414992982267106
"139","SuperiorFrontalGyrus","Caudate",-0.5,-0.006,0,0.209804206355913,0.0255230852842199,0.158758035787473,0.260850376924353,-0.0316279470666439,0.45123635977847
"140","Ventral_ACC","Caudate",-0.5,-0.006,0,0.27722766025598,0.0255230852842199,0.226181489687541,0.32827383082442,0.0357955068334234,0.518659813678537
"141","Dorsal_ACC","Putamen",-0.5,-0.006,0,0.426824298015719,0.0255230852842198,0.37577812744728,0.477870468584159,0.185392144593163,0.668256451438276
"142","InferiorFrontalGyrus","Putamen",-0.5,-0.006,0,0.308393692622139,0.0255230852842199,0.257347522053699,0.359439863190579,0.0669615391995818,0.549825846044696
"143","Lateral_OFC","Putamen",-0.5,-0.006,0,0.219943654090794,0.0255230852842199,0.168897483522354,0.270989824659234,-0.0214884993317632,0.461375807513351
"144","Medial_OFC","Putamen",-0.5,-0.006,0,0.198954672095746,0.0255230852842199,0.147908501527306,0.250000842664185,-0.0424774813268115,0.440386825518303
"145","MiddleFrontalGyrus","Putamen",-0.5,-0.006,0,0.164022203363961,0.0255230852842199,0.112976032795521,0.215068373932401,-0.0774099500585961,0.405454356786518
"146","SuperiorFrontalGyrus","Putamen",-0.5,-0.006,0,0.229870325372265,0.0255230852842199,0.178824154803825,0.280916495940705,-0.0115618280502919,0.471302478794822
"147","Ventral_ACC","Putamen",-0.5,-0.006,0,0.269903254563929,0.0255230852842199,0.218857083995489,0.320949425132369,0.0284711011413717,0.511335407986486
"148","Dorsal_ACC","Accum",0.5,-0.006,0,0.282770193632115,0.0241070876650249,0.234556018302065,0.330984368962165,0.0419209049071791,0.523619482357051
"149","InferiorFrontalGyrus","Accum",0.5,-0.006,0,0.193257184322069,0.0241070876650236,0.145043008992022,0.241471359652116,-0.0475921044028664,0.434106473047005
"150","Lateral_OFC","Accum",0.5,-0.006,0,0.208539643237454,0.0241070876650236,0.160325467907407,0.256753818567501,-0.0323096454874814,0.44938893196239
"151","Medial_OFC","Accum",0.5,-0.006,0,0.229757220464772,0.0241070876650236,0.181543045134724,0.277971395794819,-0.0110920682601641,0.470606509189707
"152","MiddleFrontalGyrus","Accum",0.5,-0.006,0,0.153050338753222,0.0241070876650236,0.104836163423175,0.20126451408327,-0.0877989499717131,0.393899627478158
"153","SuperiorFrontalGyrus","Accum",0.5,-0.006,0,0.207610436442654,0.0241070876650236,0.159396261112606,0.255824611772701,-0.0332388522822819,0.448459725167589
"154","Ventral_ACC","Accum",0.5,-0.006,0,0.341872499400291,0.0241070876650236,0.293658324070244,0.390086674730339,0.101023210675356,0.582721788125227
"155","Dorsal_ACC","Caudate",0.5,-0.006,0,0.298780897390989,0.0241070876650236,0.250566722060942,0.346995072721036,0.0579316086660532,0.539630186115925
"156","InferiorFrontalGyrus","Caudate",0.5,-0.006,0,0.233530877689611,0.0241070876650237,0.185316702359564,0.281745053019659,-0.00731841103532452,0.474380166414547
"157","Lateral_OFC","Caudate",0.5,-0.006,0,0.227131511620118,0.0241070876650237,0.17891733629007,0.275345686950165,-0.0137177771048178,0.467980800345054
"158","Medial_OFC","Caudate",0.5,-0.006,0,0.185319130743848,0.0241070876650237,0.137104955413801,0.233533306073896,-0.0555301579810876,0.426168419468784
"159","MiddleFrontalGyrus","Caudate",0.5,-0.006,0,0.195584930042745,0.0241070876650237,0.147370754712698,0.243799105372793,-0.0452643586821904,0.436434218767681
"160","SuperiorFrontalGyrus","Caudate",0.5,-0.006,0,0.246531919187405,0.0241070876650237,0.198317743857358,0.294746094517452,0.00568263046246939,0.487381207912341
"161","Ventral_ACC","Caudate",0.5,-0.006,0,0.301161956967483,0.0241070876650237,0.252947781637435,0.34937613229753,0.0603126682425472,0.542011245692419
"162","Dorsal_ACC","Putamen",0.5,-0.006,0,0.452180143604237,0.0241070876650237,0.40396596827419,0.500394318934284,0.211330854879301,0.693029432329173
"163","InferiorFrontalGyrus","Putamen",0.5,-0.006,0,0.33956114934113,0.0241070876650237,0.291346974011082,0.387775324671177,0.0987118606161941,0.580410438066065
"164","Lateral_OFC","Putamen",0.5,-0.006,0,0.246494081638094,0.0241070876650237,0.198279906308046,0.294708256968141,0.00564479291315806,0.487343370363029
"165","Medial_OFC","Putamen",0.5,-0.006,0,0.202314284123463,0.0241070876650237,0.154100108793416,0.250528459453511,-0.0385350046014725,0.443163572848399
"166","MiddleFrontalGyrus","Putamen",0.5,-0.006,0,0.19781642161556,0.0241070876650237,0.149602246285513,0.246030596945608,-0.0430328671093752,0.438665710340496
"167","SuperiorFrontalGyrus","Putamen",0.5,-0.006,0,0.267824969723112,0.0241070876650237,0.219610794393064,0.316039145053159,0.0269756809981759,0.508674258448047
"168","Ventral_ACC","Putamen",0.5,-0.006,0,0.283497948614202,0.0241070876650237,0.235283773284155,0.33171212394425,0.0426486598892665,0.524347237339138
"169","Dorsal_ACC","Accum",-0.5,-0.003,0,0.243176835264855,0.023269755575792,0.196637324113271,0.289716346416439,0.00265719100522457,0.483696479524486
"170","InferiorFrontalGyrus","Accum",-0.5,-0.003,0,0.170097112405045,0.0232697555757904,0.123557601253464,0.216636623556626,-0.0704225318545848,0.410616756664675
"171","Lateral_OFC","Accum",-0.5,-0.003,0,0.176477896104772,0.0232697555757904,0.129938384953191,0.223017407256353,-0.0640417481548581,0.416997540364402
"172","Medial_OFC","Accum",-0.5,-0.003,0,0.220082665509768,0.0232697555757904,0.173543154358187,0.266622176661349,-0.0204369787498621,0.460602309769398
"173","MiddleFrontalGyrus","Accum",-0.5,-0.003,0,0.128153881543085,0.0232697555757904,0.0816143703915037,0.174693392694665,-0.112365762716545,0.368673525802715
"174","SuperiorFrontalGyrus","Accum",-0.5,-0.003,0,0.177890215496079,0.0232697555757904,0.131350704344499,0.22442972664766,-0.0626294287635506,0.418409859755709
"175","Ventral_ACC","Accum",-0.5,-0.003,0,0.313795280091309,0.0232697555757904,0.267255768939729,0.36033479124289,0.0732756358316794,0.554314924350939
"176","Dorsal_ACC","Caudate",-0.5,-0.003,0,0.267585021953923,0.0232697555757905,0.221045510802342,0.314124533105503,0.0270653776942925,0.508104666213553
"177","InferiorFrontalGyrus","Caudate",-0.5,-0.003,0,0.207102671290184,0.0232697555757906,0.160563160138603,0.253642182441765,-0.0334169729694457,0.447622315549814
"178","Lateral_OFC","Caudate",-0.5,-0.003,0,0.210131777999223,0.0232697555757906,0.163592266847642,0.256671289150804,-0.0303878662604073,0.450651422258853
"179","Medial_OFC","Caudate",-0.5,-0.003,0,0.17288904886569,0.0232697555757906,0.126349537714109,0.219428560017271,-0.0676305953939399,0.41340869312532
"180","MiddleFrontalGyrus","Caudate",-0.5,-0.003,0,0.182361884635894,0.0232697555757906,0.135822373484313,0.228901395787475,-0.0581577596237358,0.422881528895524
"181","SuperiorFrontalGyrus","Caudate",-0.5,-0.003,0,0.220492052041302,0.0232697555757906,0.17395254088972,0.267031563192883,-0.0200275922183285,0.461011696300932
"182","Ventral_ACC","Caudate",-0.5,-0.003,0,0.286872914550078,0.0232697555757906,0.240333403398496,0.333412425701659,0.0463532702904475,0.527392558809708
"183","Dorsal_ACC","Putamen",-0.5,-0.003,0,0.431792893449232,0.0232697555757905,0.385253382297651,0.478332404600813,0.191273249189602,0.672312537708862
"184","InferiorFrontalGyrus","Putamen",-0.5,-0.003,0,0.316929905601632,0.0232697555757906,0.270390394450051,0.363469416753213,0.076410261342002,0.557449549861262
"185","Lateral_OFC","Putamen",-0.5,-0.003,0,0.224776547927238,0.0232697555757906,0.178237036775656,0.271316059078819,-0.0157430963323925,0.465296192186868
"186","Medial_OFC","Putamen",-0.5,-0.003,0,0.203409541755905,0.0232697555757906,0.156870030604324,0.249949052907486,-0.0371101025037248,0.443929186015535
"187","MiddleFrontalGyrus","Putamen",-0.5,-0.003,0,0.169140750120981,0.0232697555757906,0.122601238969399,0.215680261272562,-0.0713788941386495,0.409660394380611
"188","SuperiorFrontalGyrus","Putamen",-0.5,-0.003,0,0.236849806121583,0.0232697555757906,0.190310294970002,0.283389317273164,-0.00366983813804708,0.477369450381213
"189","Ventral_ACC","Putamen",-0.5,-0.003,0,0.273711052849973,0.0232697555757906,0.227171541698392,0.320250564001554,0.0331914085903429,0.514230697109603
"190","Dorsal_ACC","Accum",0.5,-0.003,0,0.291424531338269,0.0222675436897448,0.24688944395878,0.335959618717759,0.0512846821160928,0.531564380560446
"191","InferiorFrontalGyrus","Accum",0.5,-0.003,0,0.199315416855459,0.022267543689743,0.154780329475973,0.243850504234946,-0.0408244323667163,0.439455266077635
"192","Lateral_OFC","Accum",0.5,-0.003,0,0.21124268842523,0.022267543689743,0.166707601045744,0.255777775804716,-0.0288971607969456,0.451382537647406
"193","Medial_OFC","Accum",0.5,-0.003,0,0.236704207473683,0.022267543689743,0.192169120094197,0.28123929485317,-0.00343564174849231,0.476844056695859
"194","MiddleFrontalGyrus","Accum",0.5,-0.003,0,0.155888312405411,0.022267543689743,0.111353225025925,0.200423399784897,-0.0842515368167646,0.396028161627587
"195","SuperiorFrontalGyrus","Accum",0.5,-0.003,0,0.212209959309219,0.022267543689743,0.167674871929733,0.256745046688705,-0.027929889912957,0.452349808531395
"196","Ventral_ACC","Accum",0.5,-0.003,0,0.348395160549313,0.022267543689743,0.303860073169827,0.392930247928799,0.108255311327137,0.588535009771489
"197","Dorsal_ACC","Caudate",0.5,-0.003,0,0.312275690803345,0.0222675436897431,0.267740603423859,0.356810778182831,0.0721358415811694,0.552415540025521
"198","InferiorFrontalGyrus","Caudate",0.5,-0.003,0,0.242001936548477,0.0222675436897432,0.19746684916899,0.286537023927963,0.00186208732630078,0.482141785770652
"199","Lateral_OFC","Caudate",0.5,-0.003,0,0.231228625958172,0.0222675436897432,0.186693538578685,0.275763713337658,-0.00891122326400404,0.471368475180348
"200","Medial_OFC","Caudate",0.5,-0.003,0,0.190469002632406,0.0222675436897432,0.145933915252919,0.235004090011892,-0.0496708465897703,0.430608851854581
"201","MiddleFrontalGyrus","Caudate",0.5,-0.003,0,0.201129833569552,0.0222675436897432,0.156594746190065,0.245664920949038,-0.0390100156526242,0.441269682791727
"202","SuperiorFrontalGyrus","Caudate",0.5,-0.003,0,0.253331272228233,0.0222675436897432,0.208796184848746,0.297866359607719,0.0131914230060567,0.493471121450408
"203","Ventral_ACC","Caudate",0.5,-0.003,0,0.308721226025441,0.0222675436897432,0.264186138645954,0.353256313404927,0.0685813768032649,0.548861075247617
"204","Dorsal_ACC","Putamen",0.5,-0.003,0,0.458416895927357,0.0222675436897431,0.413881808547871,0.502951983306843,0.218277046705181,0.698556745149533
"205","InferiorFrontalGyrus","Putamen",0.5,-0.003,0,0.346231185658966,0.0222675436897432,0.30169609827948,0.390766273038453,0.10609133643679,0.586371034881142
"206","Lateral_OFC","Putamen",0.5,-0.003,0,0.251536640440294,0.0222675436897432,0.207001553060808,0.296071727819781,0.0113967912181186,0.49167648966247
"207","Medial_OFC","Putamen",0.5,-0.003,0,0.20857189432607,0.0222675436897432,0.164036806946583,0.253106981705556,-0.0315679548961061,0.448711743548246
"208","MiddleFrontalGyrus","Putamen",0.5,-0.003,0,0.201612584379434,0.0222675436897432,0.157077496999948,0.246147671758921,-0.0385272648427414,0.44175243360161
"209","SuperiorFrontalGyrus","Putamen",0.5,-0.003,0,0.273313827217515,0.0222675436897432,0.228778739838029,0.317848914597001,0.0331739779953391,0.513453676439691
"210","Ventral_ACC","Putamen",0.5,-0.003,0,0.292995228255542,0.0222675436897432,0.248460140876055,0.337530315635028,0.0528553790333659,0.533135077477717
"211","Dorsal_ACC","Accum",-0.5,0.002,0,0.255525953821669,0.0210909440021926,0.213344065817283,0.297707841826054,0.0158113634184866,0.495240544224851
"212","InferiorFrontalGyrus","Accum",-0.5,0.002,0,0.181283022044626,0.0210909440021906,0.139101134040245,0.223464910049007,-0.0584315683585553,0.420997612447807
"213","Lateral_OFC","Accum",-0.5,0.002,0,0.181697630496412,0.0210909440021906,0.139515742492031,0.223879518500793,-0.0580169599067692,0.421412220899594
"214","Medial_OFC","Accum",-0.5,0.002,0,0.223321622033399,0.0210909440021906,0.181139734029018,0.26550351003778,-0.0163929683697825,0.46303621243658
"215","MiddleFrontalGyrus","Accum",-0.5,0.002,0,0.133618804502208,0.0210909440021906,0.0914369164978272,0.17580069250659,-0.106095785900973,0.37333339490539
"216","SuperiorFrontalGyrus","Accum",-0.5,0.002,0,0.185292102236588,0.0210909440021906,0.143110214232207,0.227473990240969,-0.0544224881665933,0.42500669263977
"217","Ventral_ACC","Accum",-0.5,0.002,0,0.321000336734982,0.0210909440021906,0.278818448730601,0.363182224739363,0.0812857463318006,0.560714927138163
"218","Dorsal_ACC","Caudate",-0.5,0.002,0,0.286364659357938,0.0210909440021907,0.244182771353557,0.328546547362319,0.0466500689547567,0.526079249761119
"219","InferiorFrontalGyrus","Caudate",-0.5,0.002,0,0.234441262861841,0.0210909440021907,0.192259374857459,0.276623150866222,-0.00527332754134058,0.474155853265022
"220","Lateral_OFC","Caudate",-0.5,0.002,0,0.2268653679769,0.0210909440021908,0.184683479972519,0.269047255981282,-0.0128492224262812,0.466579958380082
"221","Medial_OFC","Caudate",-0.5,0.002,0,0.181919457585829,0.0210909440021907,0.139737569581448,0.224101345590211,-0.0577951328173524,0.42163404798901
"222","MiddleFrontalGyrus","Caudate",-0.5,0.002,0,0.197030310954802,0.0210909440021908,0.154848422950421,0.239212198959184,-0.0426842794483791,0.436744901357984
"223","SuperiorFrontalGyrus","Caudate",-0.5,0.002,0,0.238305128183616,0.0210909440021907,0.196123240179234,0.280487016187997,-0.00140946221956567,0.478019718586797
"224","Ventral_ACC","Caudate",-0.5,0.002,0,0.302948338373573,0.0210909440021907,0.260766450369191,0.345130226377954,0.0632337479703915,0.542662928776754
"225","Dorsal_ACC","Putamen",-0.5,0.002,0,0.44007388583842,0.0210909440021907,0.397891997834038,0.482255773842801,0.200359295435238,0.679788476241601
"226","InferiorFrontalGyrus","Putamen",-0.5,0.002,0,0.331156927234121,0.0210909440021907,0.288975039229739,0.373338815238502,0.0914423368309393,0.570871517637302
"227","Lateral_OFC","Putamen",-0.5,0.002,0,0.232831370987977,0.0210909440021907,0.190649482983596,0.275013258992359,-0.00688321941520426,0.472545961391159
"228","Medial_OFC","Putamen",-0.5,0.002,0,0.210834324522838,0.0210909440021908,0.168652436518457,0.25301621252722,-0.0288802658803432,0.45054891492602
"229","MiddleFrontalGyrus","Putamen",-0.5,0.002,0,0.17767166138268,0.0210909440021907,0.135489773378298,0.219853549387061,-0.0620429290205015,0.417386251785861
"230","SuperiorFrontalGyrus","Putamen",-0.5,0.002,0,0.248482274037113,0.0210909440021907,0.206300386032732,0.290664162041495,0.00876768363393166,0.488196864440294
"231","Ventral_ACC","Putamen",-0.5,0.002,0,0.280057383326714,0.0210909440021907,0.237875495322332,0.322239271331095,0.0403427929235323,0.519771973729895
"232","Dorsal_ACC","Accum",0.5,0.002,0,0.305848427515193,0.0212124665397846,0.263423494435624,0.348273360594762,0.0660909497937319,0.545605905236654
"233","InferiorFrontalGyrus","Accum",0.5,0.002,0,0.209412471077776,0.0212124665397826,0.166987537998211,0.251837404157342,-0.0303450066436836,0.449169948799237
"234","Lateral_OFC","Accum",0.5,0.002,0,0.21574776373819,0.0212124665397826,0.173322830658625,0.258172696817755,-0.02400971398327,0.45550524145965
"235","Medial_OFC","Accum",0.5,0.002,0,0.248282519155203,0.0212124665397826,0.205857586075638,0.290707452234769,0.00852504143374336,0.488039996876664
"236","MiddleFrontalGyrus","Accum",0.5,0.002,0,0.160618268492392,0.0212124665397826,0.118193335412827,0.203043201571958,-0.0791392092290676,0.400375746213853
"237","SuperiorFrontalGyrus","Accum",0.5,0.002,0,0.219875830753494,0.0212124665397826,0.177450897673929,0.262300763833059,-0.019881646967966,0.459633308474954
"238","Ventral_ACC","Accum",0.5,0.002,0,0.359266262464349,0.0212124665397826,0.316841329384784,0.401691195543914,0.119508784742889,0.599023740185809
"239","Dorsal_ACC","Caudate",0.5,0.002,0,0.334767013157272,0.0212124665397826,0.292342080077707,0.377191946236838,0.0950095354358124,0.574524490878733
"240","InferiorFrontalGyrus","Caudate",0.5,0.002,0,0.256120367979919,0.0212124665397827,0.213695434900354,0.298545301059484,0.0163628902584589,0.495877845701379
"241","Lateral_OFC","Caudate",0.5,0.002,0,0.238057149854928,0.0212124665397827,0.195632216775363,0.280482082934494,-0.00170032786653196,0.477814627576388
"242","Medial_OFC","Caudate",0.5,0.002,0,0.199052122446668,0.0212124665397827,0.156627189367103,0.241477055526234,-0.040705355274792,0.438809600168128
"243","MiddleFrontalGyrus","Caudate",0.5,0.002,0,0.210371339447562,0.0212124665397827,0.167946406367997,0.252796272527128,-0.0293861382738979,0.450128817169022
"244","SuperiorFrontalGyrus","Caudate",0.5,0.002,0,0.264663527296278,0.0212124665397827,0.222238594216713,0.307088460375844,0.0249060495748183,0.504421005017739
"245","Ventral_ACC","Caudate",0.5,0.002,0,0.321320007788704,0.0212124665397827,0.278895074709138,0.363744940868269,0.0815625300672436,0.561077485510164
"246","Dorsal_ACC","Putamen",0.5,0.002,0,0.468811483132557,0.0212124665397826,0.426386550052992,0.511236416212122,0.229054005411097,0.708568960854017
"247","InferiorFrontalGyrus","Putamen",0.5,0.002,0,0.35734791285536,0.0212124665397827,0.314922979775795,0.399772845934926,0.1175904351339,0.597105390576821
"248","Lateral_OFC","Putamen",0.5,0.002,0,0.259940905110629,0.0212124665397827,0.217515972031064,0.302365838190194,0.0201834273891688,0.499698382832089
"249","Medial_OFC","Putamen",0.5,0.002,0,0.219001244663747,0.0212124665397827,0.176576311584182,0.261426177743313,-0.0207562330577127,0.458758722385208
"250","MiddleFrontalGyrus","Putamen",0.5,0.002,0,0.207939522319224,0.0212124665397827,0.165514589239659,0.25036445539879,-0.0318179554022358,0.447697000040685
"251","SuperiorFrontalGyrus","Putamen",0.5,0.002,0,0.282461923041521,0.0212124665397827,0.240036989961955,0.324886856121086,0.0427044453200606,0.522219400762981
"252","Ventral_ACC","Putamen",0.5,0.002,0,0.308824027657774,0.0212124665397827,0.266399094578209,0.35124896073734,0.069066549936314,0.548581505379234
"253","Dorsal_ACC","Accum",-0.5,0.006,0,0.265405248667119,0.0211053624961874,0.223194523674745,0.307615973659494,0.025685582221221,0.505124915113018
"254","InferiorFrontalGyrus","Accum",-0.5,0.006,0,0.190231749756291,0.0211053624961856,0.148021024763919,0.232442474748662,-0.049487916689607,0.429951416202188
"255","Lateral_OFC","Accum",-0.5,0.006,0,0.185873418009724,0.0211053624961856,0.143662693017353,0.228084143002096,-0.0538462484361734,0.425593084455622
"256","Medial_OFC","Accum",-0.5,0.006,0,0.225912787252304,0.0211053624961856,0.183702062259932,0.268123512244675,-0.0138068791935941,0.465632453698201
"257","MiddleFrontalGyrus","Accum",-0.5,0.006,0,0.137990742869508,0.0211053624961856,0.0957800178771363,0.180201467861879,-0.10172892357639,0.377710409315405
"258","SuperiorFrontalGyrus","Accum",-0.5,0.006,0,0.191213611628995,0.0211053624961856,0.149002886636624,0.233424336621366,-0.0485060548169026,0.430933278074893
"259","Ventral_ACC","Accum",-0.5,0.006,0,0.32676438204992,0.0211053624961856,0.284553657057549,0.368975107042291,0.0870447156040222,0.566484048495818
"260","Dorsal_ACC","Caudate",-0.5,0.006,0,0.30138836928115,0.0211053624961857,0.259177644288779,0.343599094273522,0.0616687028352527,0.541108035727048
"261","InferiorFrontalGyrus","Caudate",-0.5,0.006,0,0.256312136119166,0.0211053624961857,0.214101411126795,0.298522861111538,0.0165924696732684,0.496031802565064
"262","Lateral_OFC","Caudate",-0.5,0.006,0,0.240252239959042,0.0211053624961857,0.198041514966671,0.282462964951414,0.000532573513144535,0.47997190640494
"263","Medial_OFC","Caudate",-0.5,0.006,0,0.18914378456194,0.0211053624961857,0.146933059569569,0.231354509554312,-0.0505758818839576,0.428863451007838
"264","MiddleFrontalGyrus","Caudate",-0.5,0.006,0,0.208765052009929,0.0211053624961857,0.166554327017557,0.2509757770023,-0.0309546144359688,0.448484718455827
"265","SuperiorFrontalGyrus","Caudate",-0.5,0.006,0,0.252555589097467,0.0211053624961857,0.210344864105096,0.294766314089838,0.0128359226515693,0.492275255543365
"266","Ventral_ACC","Caudate",-0.5,0.006,0,0.315808677432369,0.0211053624961857,0.273597952439997,0.35801940242474,0.0760890109864712,0.555528343878267
"267","Dorsal_ACC","Putamen",-0.5,0.006,0,0.44669867974977,0.0211053624961857,0.404487954757398,0.488909404742141,0.206979013303872,0.686418346195667
"268","InferiorFrontalGyrus","Putamen",-0.5,0.006,0,0.342538544540112,0.0211053624961857,0.30032781954774,0.384749269532483,0.102818878094214,0.582258210986009
"269","Lateral_OFC","Putamen",-0.5,0.006,0,0.239275229436569,0.0211053624961857,0.197064504444197,0.28148595442894,-0.00044443700932903,0.478994895882466
"270","Medial_OFC","Putamen",-0.5,0.006,0,0.216774150736384,0.0211053624961857,0.174563425744013,0.258984875728756,-0.0229455157095133,0.456493817182282
"271","MiddleFrontalGyrus","Putamen",-0.5,0.006,0,0.184496390392039,0.0211053624961857,0.142285665399668,0.226707115384411,-0.0552232760538585,0.424216056837937
"272","SuperiorFrontalGyrus","Putamen",-0.5,0.006,0,0.257788248369537,0.0211053624961857,0.215577523377165,0.299998973361908,0.0180685819236392,0.497507914815435
"273","Ventral_ACC","Putamen",-0.5,0.006,0,0.285134447708106,0.0211053624961857,0.242923722715735,0.327345172700478,0.0454147812622085,0.524854114154004
"274","Dorsal_ACC","Accum",0.5,0.006,0,0.317387544456731,0.0223594252231306,0.27266869401047,0.362106394902993,0.0772135476090587,0.557561541304404
"275","InferiorFrontalGyrus","Accum",0.5,0.006,0,0.21749011445563,0.022359425223129,0.172771264009372,0.262208964901888,-0.0226838823920421,0.457664111303302
"276","Lateral_OFC","Accum",0.5,0.006,0,0.219351823988558,0.022359425223129,0.1746329735423,0.264070674434816,-0.0208221728591142,0.45952582083623
"277","Medial_OFC","Accum",0.5,0.006,0,0.257545168500419,0.022359425223129,0.212826318054161,0.302264018946677,0.0173711716527472,0.497719165348092
"278","MiddleFrontalGyrus","Accum",0.5,0.006,0,0.164402233361977,0.022359425223129,0.119683382915719,0.209121083808235,-0.0757717634856947,0.40457623020965
"279","SuperiorFrontalGyrus","Accum",0.5,0.006,0,0.226008527908914,0.022359425223129,0.181289677462656,0.270727378355172,-0.0141654689387578,0.466182524756587
"280","Ventral_ACC","Accum",0.5,0.006,0,0.367963143996378,0.022359425223129,0.32324429355012,0.412681994442636,0.127789147148706,0.608137140844051
"281","Dorsal_ACC","Caudate",0.5,0.006,0,0.352760071040414,0.022359425223129,0.308041220594156,0.397478921486672,0.112586074192742,0.592934067888087
"282","InferiorFrontalGyrus","Caudate",0.5,0.006,0,0.267415113125073,0.0223594252231291,0.222696262678815,0.312133963571331,0.0272411162774009,0.507589109972745
"283","Lateral_OFC","Caudate",0.5,0.006,0,0.243519968972333,0.0223594252231291,0.198801118526075,0.288238819418592,0.0033459721246612,0.483693965820006
"284","Medial_OFC","Caudate",0.5,0.006,0,0.205918618298078,0.0223594252231291,0.16119976785182,0.250637468744336,-0.0342553785495941,0.44609261514575
"285","MiddleFrontalGyrus","Caudate",0.5,0.006,0,0.217764544149971,0.0223594252231291,0.173045693703713,0.262483394596229,-0.0224094526977014,0.457938540997643
"286","SuperiorFrontalGyrus","Caudate",0.5,0.006,0,0.273729331350715,0.0223594252231291,0.229010480904457,0.318448181796973,0.033555334503043,0.513903328198387
"287","Ventral_ACC","Caudate",0.5,0.006,0,0.331399033199314,0.0223594252231291,0.286680182753056,0.376117883645573,0.091225036351642,0.571573030046986
"288","Dorsal_ACC","Putamen",0.5,0.006,0,0.477127152896717,0.0223594252231291,0.432408302450459,0.521846003342975,0.236953156049045,0.717301149744389
"289","InferiorFrontalGyrus","Putamen",0.5,0.006,0,0.366241294612476,0.0223594252231291,0.321522444166217,0.410960145058734,0.126067297764803,0.606415291460148
"290","Lateral_OFC","Putamen",0.5,0.006,0,0.266664316846897,0.0223594252231291,0.221945466400638,0.311383167293155,0.0264903199992244,0.506838313694569
"291","Medial_OFC","Putamen",0.5,0.006,0,0.22734472493389,0.0223594252231291,0.182625874487631,0.272063575380148,-0.0128292719137826,0.467518721781562
"292","MiddleFrontalGyrus","Putamen",0.5,0.006,0,0.213001072671056,0.0223594252231291,0.168282222224798,0.257719923117315,-0.0271729241766159,0.453175069518729
"293","SuperiorFrontalGyrus","Putamen",0.5,0.006,0,0.289780399700725,0.0223594252231291,0.245061549254467,0.334499250146983,0.0496064028530529,0.529954396548397
"294","Ventral_ACC","Putamen",0.5,0.006,0,0.32148706717956,0.0223594252231291,0.276768216733302,0.366205917625818,0.0813130703318879,0.561661064027232
"295","Dorsal_ACC","Accum",-0.5,0.012,0,0.280224190935296,0.02400488331724,0.232214424300816,0.328233957569776,0.0394157382828853,0.521032643587706
"296","InferiorFrontalGyrus","Accum",-0.5,0.012,0,0.203654841323788,0.0240048833172392,0.155645074689309,0.251664607958266,-0.0371536113286222,0.444463293976198
"297","Lateral_OFC","Accum",-0.5,0.012,0,0.192137099279693,0.0240048833172392,0.144127332645214,0.240146865914171,-0.0486713533727174,0.432945551932102
"298","Medial_OFC","Accum",-0.5,0.012,0,0.229799535080661,0.0240048833172392,0.181789768446182,0.277809301715139,-0.011008917571749,0.470607987733071
"299","MiddleFrontalGyrus","Accum",-0.5,0.012,0,0.144548650420456,0.0240048833172392,0.0965388837859778,0.192558417054935,-0.0962598022319537,0.385357103072866
"300","SuperiorFrontalGyrus","Accum",-0.5,0.012,0,0.200095875717606,0.0240048833172392,0.152086109083127,0.248105642352084,-0.0407125769348043,0.440904328370015
"301","Ventral_ACC","Accum",-0.5,0.012,0,0.335410450022327,0.0240048833172392,0.287400683387849,0.383420216656805,0.0946019973699171,0.576218902674737
"302","Dorsal_ACC","Caudate",-0.5,0.012,0,0.323923934165969,0.0240048833172392,0.275914167531491,0.371933700800447,0.0831154815135591,0.564732386818379
"303","InferiorFrontalGyrus","Caudate",-0.5,0.012,0,0.289118446005154,0.0240048833172393,0.241108679370675,0.337128212639632,0.0483099933527439,0.529926898657564
"304","Lateral_OFC","Caudate",-0.5,0.012,0,0.260332547932255,0.0240048833172393,0.212322781297777,0.308342314566734,0.0195240952798453,0.501141000584665
"305","Medial_OFC","Caudate",-0.5,0.012,0,0.199980275026107,0.0240048833172393,0.151970508391628,0.247990041660585,-0.0408281776263031,0.440788727678517
"306","MiddleFrontalGyrus","Caudate",-0.5,0.012,0,0.226367163592619,0.0240048833172393,0.17835739695814,0.274376930227097,-0.0144412890597912,0.467175616245029
"307","SuperiorFrontalGyrus","Caudate",-0.5,0.012,0,0.273931280468244,0.0240048833172393,0.225921513833766,0.321941047102723,0.0331228278158341,0.514739733120654
"308","Ventral_ACC","Caudate",-0.5,0.012,0,0.335099186020563,0.0240048833172393,0.287089419386085,0.383108952655042,0.0942907333681532,0.575907638672973
"309","Dorsal_ACC","Putamen",-0.5,0.012,0,0.456635870616795,0.0240048833172392,0.408626103982317,0.504645637251274,0.215827417964385,0.697444323269205
"310","InferiorFrontalGyrus","Putamen",-0.5,0.012,0,0.359610970499098,0.0240048833172393,0.311601203864619,0.407620737133577,0.118802517846688,0.600419423151508
"311","Lateral_OFC","Putamen",-0.5,0.012,0,0.248941017109456,0.0240048833172393,0.200931250474978,0.296950783743935,0.00813256445704624,0.489749469761866
"312","Medial_OFC","Putamen",-0.5,0.012,0,0.225683890056704,0.0240048833172393,0.177674123422225,0.273693656691183,-0.015124562595706,0.466492342709114
"313","MiddleFrontalGyrus","Putamen",-0.5,0.012,0,0.194733483906078,0.0240048833172393,0.1467237172716,0.242743250540557,-0.0460749687463315,0.435541936558488
"314","SuperiorFrontalGyrus","Putamen",-0.5,0.012,0,0.271747209868173,0.0240048833172393,0.223737443233694,0.319756976502652,0.0309387572157631,0.512555662520583
"315","Ventral_ACC","Putamen",-0.5,0.012,0,0.292750044280195,0.0240048833172393,0.244740277645716,0.340759810914674,0.0519415916277851,0.533558496932605
"316","Dorsal_ACC","Accum",0.5,0.012,0,0.33469621986904,0.0268209791412642,0.281054261586511,0.388338178151568,0.0927019371577834,0.576690502580296
"317","InferiorFrontalGyrus","Accum",0.5,0.012,0,0.229606579522411,0.026820979141264,0.175964621239883,0.283248537804938,-0.0123877031888455,0.471600862233667
"318","Lateral_OFC","Accum",0.5,0.012,0,0.22475791436411,0.026820979141264,0.171115956081582,0.278399872646638,-0.0172363683471462,0.466752197075366
"319","Medial_OFC","Accum",0.5,0.012,0,0.271439142518243,0.026820979141264,0.217797184235715,0.325081100800771,0.0294448598069872,0.513433425229499
"320","MiddleFrontalGyrus","Accum",0.5,0.012,0,0.170078180666355,0.026820979141264,0.116436222383827,0.223720138948883,-0.0719161020449011,0.412072463377611
"321","SuperiorFrontalGyrus","Accum",0.5,0.012,0,0.235207573642045,0.026820979141264,0.181565615359517,0.288849531924573,-0.00678670906921133,0.477201856353301
"322","Ventral_ACC","Accum",0.5,0.012,0,0.381008466294422,0.026820979141264,0.327366508011894,0.43465042457695,0.139014183583166,0.623002749005678
"323","Dorsal_ACC","Caudate",0.5,0.012,0,0.379749657865127,0.026820979141264,0.326107699582599,0.433391616147655,0.137755375153871,0.621743940576383
"324","InferiorFrontalGyrus","Caudate",0.5,0.012,0,0.284357230842804,0.026820979141264,0.230715272560276,0.337999189125332,0.0423629481315479,0.52635151355406
"325","Lateral_OFC","Caudate",0.5,0.012,0,0.251714197648441,0.0268209791412641,0.198072239365913,0.305356155930969,0.00971991493718499,0.493708480359697
"326","Medial_OFC","Caudate",0.5,0.012,0,0.216218362075193,0.0268209791412641,0.162576403792665,0.269860320357721,-0.0257759206360628,0.458212644786449
"327","MiddleFrontalGyrus","Caudate",0.5,0.012,0,0.228854351203584,0.0268209791412641,0.175212392921056,0.282496309486112,-0.0131399315076725,0.47084863391484
"328","SuperiorFrontalGyrus","Caudate",0.5,0.012,0,0.28732803743237,0.026820979141264,0.233686079149842,0.340969995714898,0.0453337547211141,0.529322320143626
"329","Ventral_ACC","Caudate",0.5,0.012,0,0.34651757131523,0.026820979141264,0.292875613032702,0.400159529597758,0.104523288603974,0.588511854026486
"330","Dorsal_ACC","Putamen",0.5,0.012,0,0.489600657542957,0.026820979141264,0.435958699260429,0.543242615825485,0.247606374831701,0.731594940254213
"331","InferiorFrontalGyrus","Putamen",0.5,0.012,0,0.379581367248149,0.0268209791412641,0.325939408965621,0.433223325530677,0.137587084536893,0.621575649959405
"332","Lateral_OFC","Putamen",0.5,0.012,0,0.276749434451298,0.0268209791412641,0.22310747616877,0.330391392733826,0.034755151740042,0.518743717162554
"333","Medial_OFC","Putamen",0.5,0.012,0,0.239859945339103,0.0268209791412641,0.186217987056575,0.293501903621631,-0.00213433737215327,0.481854228050359
"334","MiddleFrontalGyrus","Putamen",0.5,0.012,0,0.220593398198804,0.0268209791412641,0.166951439916276,0.274235356481332,-0.0214008845124519,0.46258768091006
"335","SuperiorFrontalGyrus","Putamen",0.5,0.012,0,0.300758114689532,0.0268209791412641,0.247116156407004,0.35440007297206,0.0587638319782759,0.542752397400788
"336","Ventral_ACC","Putamen",0.5,0.012,0,0.340481626462239,0.0268209791412641,0.286839668179711,0.394123584744767,0.0984873437509829,0.582475909173495
"337","Dorsal_ACC","Accum",-0.5,0.018,0,0.295043133203472,0.0293750762293889,0.236292980744694,0.35379328566225,0.0518655158319699,0.538220750574973
"338","InferiorFrontalGyrus","Accum",-0.5,0.018,0,0.217077932891285,0.0293750762293894,0.158327780432506,0.275828085350063,-0.0260996844802173,0.460255550262787
"339","Lateral_OFC","Accum",-0.5,0.018,0,0.198400780549661,0.0293750762293894,0.139650628090882,0.257150933008439,-0.0447768368218412,0.441578397921163
"340","Medial_OFC","Accum",-0.5,0.018,0,0.233686282909018,0.0293750762293894,0.174936130450239,0.292436435367797,-0.00949133446248393,0.47686390028052
"341","MiddleFrontalGyrus","Accum",-0.5,0.018,0,0.151106557971405,0.0293750762293894,0.0923564055126261,0.209856710430184,-0.0920710594000971,0.394284175342907
"342","SuperiorFrontalGyrus","Accum",-0.5,0.018,0,0.208978139806216,0.0293750762293894,0.150227987347437,0.267728292264995,-0.034199477565286,0.452155757177718
"343","Ventral_ACC","Accum",-0.5,0.018,0,0.344056517994734,0.0293750762293894,0.285306365535955,0.402806670453513,0.100878900623232,0.587234135366236
"344","Dorsal_ACC","Caudate",-0.5,0.018,0,0.346459499050787,0.0293750762293894,0.287709346592009,0.405209651509566,0.103281881679286,0.589637116422289
"345","InferiorFrontalGyrus","Caudate",-0.5,0.018,0,0.321924755891142,0.0293750762293895,0.263174603432363,0.38067490834992,0.0787471385196396,0.565102373262644
"346","Lateral_OFC","Caudate",-0.5,0.018,0,0.280412855905468,0.0293750762293895,0.221662703446689,0.339163008364247,0.0372352385339663,0.52359047327697
"347","Medial_OFC","Caudate",-0.5,0.018,0,0.210816765490273,0.0293750762293895,0.152066613031494,0.269566917949052,-0.0323608518812286,0.453994382861775
"348","MiddleFrontalGyrus","Caudate",-0.5,0.018,0,0.243969275175309,0.0293750762293895,0.18521912271653,0.302719427634087,0.00079165780380655,0.487146892546811
"349","SuperiorFrontalGyrus","Caudate",-0.5,0.018,0,0.295306971839021,0.0293750762293895,0.236556819380242,0.3540571242978,0.0521293544675189,0.538484589210523
"350","Ventral_ACC","Caudate",-0.5,0.018,0,0.354389694608757,0.0293750762293895,0.295639542149978,0.413139847067536,0.111212077237255,0.597567311980259
"351","Dorsal_ACC","Putamen",-0.5,0.018,0,0.46657306148382,0.0293750762293894,0.407822909025041,0.525323213942599,0.223395444112318,0.709750678855322
"352","InferiorFrontalGyrus","Putamen",-0.5,0.018,0,0.376683396458084,0.0293750762293895,0.317933243999305,0.435433548916863,0.133505779086582,0.619861013829586
"353","Lateral_OFC","Putamen",-0.5,0.018,0,0.258606804782344,0.0293750762293895,0.199856652323565,0.317356957241123,0.0154291874108417,0.501784422153846
"354","Medial_OFC","Putamen",-0.5,0.018,0,0.234593629377023,0.0293750762293895,0.175843476918244,0.293343781835802,-0.00858398799447863,0.477771246748525
"355","MiddleFrontalGyrus","Putamen",-0.5,0.018,0,0.204970577420118,0.0293750762293895,0.146220424961339,0.263720729878897,-0.0382070399513844,0.44814819479162
"356","SuperiorFrontalGyrus","Putamen",-0.5,0.018,0,0.285706171366809,0.0293750762293895,0.22695601890803,0.344456323825588,0.0425285539953069,0.528883788738311
"357","Ventral_ACC","Putamen",-0.5,0.018,0,0.300365640852284,0.0293750762293895,0.241615488393505,0.359115793311063,0.0571880234807817,0.543543258223786
"358","Dorsal_ACC","Accum",0.5,0.018,0,0.352004895281348,0.0333487014969879,0.285307492287372,0.418702298275324,0.106785979325234,0.597223811237462
"359","InferiorFrontalGyrus","Accum",0.5,0.018,0,0.241723044589191,0.0333487014969892,0.175025641595213,0.308420447583169,-0.00349587136692367,0.486941960545306
"360","Lateral_OFC","Accum",0.5,0.018,0,0.230164004739662,0.0333487014969892,0.163466601745683,0.29686140773364,-0.0150549112164528,0.475382920695776
"361","Medial_OFC","Accum",0.5,0.018,0,0.285333116536067,0.0333487014969892,0.218635713542089,0.352030519530046,0.0401142005799525,0.530552032492182
"362","MiddleFrontalGyrus","Accum",0.5,0.018,0,0.175754127970732,0.0333487014969892,0.109056724976754,0.242451530964711,-0.0694647879853822,0.420973043926847
"363","SuperiorFrontalGyrus","Accum",0.5,0.018,0,0.244406619375175,0.0333487014969892,0.177709216381197,0.311104022369154,-0.00081229658093962,0.48962553533129
"364","Ventral_ACC","Accum",0.5,0.018,0,0.394053788592465,0.0333487014969892,0.327356385598487,0.460751191586444,0.148834872636351,0.63927270454858
"365","Dorsal_ACC","Caudate",0.5,0.018,0,0.40673924468984,0.0333487014969892,0.340041841695861,0.473436647683818,0.161520328733725,0.651958160645955
"366","InferiorFrontalGyrus","Caudate",0.5,0.018,0,0.301299348560535,0.0333487014969893,0.234601945566556,0.367996751554514,0.0560804326044203,0.54651826451665
"367","Lateral_OFC","Caudate",0.5,0.018,0,0.259908426324549,0.0333487014969893,0.19321102333057,0.326605829318528,0.0146895103684342,0.505127342280664
"368","Medial_OFC","Caudate",0.5,0.018,0,0.226518105852308,0.0333487014969893,0.15982070285833,0.293215508846287,-0.0187008101038064,0.471737021808423
"369","MiddleFrontalGyrus","Caudate",0.5,0.018,0,0.239944158257196,0.0333487014969893,0.173246755263218,0.306641561251175,-0.00527475769891822,0.485163074213311
"370","SuperiorFrontalGyrus","Caudate",0.5,0.018,0,0.300926743514025,0.0333487014969893,0.234229340520047,0.367624146508004,0.0557078275579107,0.54614565947014
"371","Ventral_ACC","Caudate",0.5,0.018,0,0.361636109431146,0.0333487014969893,0.294938706437167,0.428333512425124,0.116417193475031,0.60685502538726
"372","Dorsal_ACC","Putamen",0.5,0.018,0,0.502074162189197,0.0333487014969892,0.435376759195218,0.568771565183175,0.256855246233082,0.747293078145311
"373","InferiorFrontalGyrus","Putamen",0.5,0.018,0,0.392921439883822,0.0333487014969893,0.326224036889843,0.4596188428778,0.147702523927707,0.638140355839936
"374","Lateral_OFC","Putamen",0.5,0.018,0,0.2868345520557,0.0333487014969893,0.220137149061721,0.353531955049678,0.0416156360995848,0.532053468011814
"375","Medial_OFC","Putamen",0.5,0.018,0,0.252375165744316,0.0333487014969893,0.185677762750337,0.319072568738295,0.00715624978820137,0.497594081700431
"376","MiddleFrontalGyrus","Putamen",0.5,0.018,0,0.228185723726552,0.0333487014969893,0.161488320732574,0.294883126720531,-0.0170331922295625,0.473404639682667
"377","SuperiorFrontalGyrus","Putamen",0.5,0.018,0,0.311735829678339,0.0333487014969893,0.24503842668436,0.378433232672317,0.0665169137222241,0.556954745634453
"378","Ventral_ACC","Putamen",0.5,0.018,0,0.359476185744918,0.0333487014969893,0.292778782750939,0.426173588738897,0.114257269788803,0.604695101701033
"379","Dorsal_ACC","Accum",-0.5,0.026,0,0.314801722894373,0.0385689285770708,0.237663865740232,0.391939580048515,0.0665397197950595,0.563063725993687
"380","InferiorFrontalGyrus","Accum",-0.5,0.026,0,0.234975388314614,0.0385689285770729,0.157837531160468,0.31211324546876,-0.0132866147847009,0.483237391413929
"381","Lateral_OFC","Accum",-0.5,0.026,0,0.206752355576285,0.0385689285770729,0.129614498422139,0.283890212730431,-0.04150964752303,0.4550143586756
"382","Medial_OFC","Accum",-0.5,0.026,0,0.238868613346828,0.0385689285770729,0.161730756192682,0.316006470500973,-0.00939338975248732,0.487130616446143
"383","MiddleFrontalGyrus","Accum",-0.5,0.026,0,0.159850434706003,0.0385689285770729,0.0827125775518572,0.236988291860149,-0.0884115683933119,0.408112437805318
"384","SuperiorFrontalGyrus","Accum",-0.5,0.026,0,0.22082115859103,0.0385689285770729,0.143683301436884,0.297959015745176,-0.027440844508285,0.469083161690345
"385","Ventral_ACC","Accum",-0.5,0.026,0,0.35558460862461,0.0385689285770729,0.278446751470464,0.432722465778756,0.107322605525295,0.603846611723925
"386","Dorsal_ACC","Caudate",-0.5,0.026,0,0.376506918897212,0.0385689285770729,0.299369061743067,0.453644776051358,0.128244915797897,0.624768921996527
"387","InferiorFrontalGyrus","Caudate",-0.5,0.026,0,0.365666502405792,0.038568928577073,0.288528645251646,0.442804359559938,0.117404499306477,0.613928505505107
"388","Lateral_OFC","Caudate",-0.5,0.026,0,0.307186599869752,0.038568928577073,0.230048742715606,0.384324457023898,0.0589245967704374,0.555448602969067
"389","Medial_OFC","Caudate",-0.5,0.026,0,0.225265419442495,0.038568928577073,0.14812756228835,0.302403276596641,-0.0229965836568195,0.47352742254181
"390","MiddleFrontalGyrus","Caudate",-0.5,0.026,0,0.267438757285562,0.038568928577073,0.190300900131416,0.344576614439708,0.0191767541862466,0.515700760384877
"391","SuperiorFrontalGyrus","Caudate",-0.5,0.026,0,0.323807893666724,0.0385689285770729,0.246670036512578,0.40094575082087,0.0755458905674087,0.572069896766039
"392","Ventral_ACC","Caudate",-0.5,0.026,0,0.38011037272635,0.038568928577073,0.302972515572204,0.457248229880496,0.131848369627035,0.628372375825665
"393","Dorsal_ACC","Putamen",-0.5,0.026,0,0.479822649306521,0.0385689285770729,0.402684792152375,0.556960506460666,0.231560646207206,0.728084652405835
"394","InferiorFrontalGyrus","Putamen",-0.5,0.026,0,0.399446631070066,0.038568928577073,0.32230877391592,0.476584488224212,0.151184627970751,0.647708634169381
"395","Lateral_OFC","Putamen",-0.5,0.026,0,0.271494521679527,0.038568928577073,0.194356664525381,0.348632378833673,0.0232325185802119,0.519756524778842
"396","Medial_OFC","Putamen",-0.5,0.026,0,0.246473281804116,0.038568928577073,0.16933542464997,0.323611138958262,-0.001788721295199,0.494735284903431
"397","MiddleFrontalGyrus","Putamen",-0.5,0.026,0,0.218620035438836,0.038568928577073,0.14148217828469,0.295757892592982,-0.0296419676604786,0.466882038538151
"398","SuperiorFrontalGyrus","Putamen",-0.5,0.026,0,0.304318120031657,0.038568928577073,0.227180262877511,0.381455977185803,0.0560561169323419,0.552580123130972
"399","Ventral_ACC","Putamen",-0.5,0.026,0,0.310519769615069,0.038568928577073,0.233381912460923,0.387657626769215,0.0622577665157538,0.558781772714384
"400","Dorsal_ACC","Accum",0.5,0.026,0,0.375083129164425,0.0436518726443282,0.287779383875769,0.462386874453081,0.12347685516082,0.626689403168031
"401","InferiorFrontalGyrus","Accum",0.5,0.026,0,0.257878331344898,0.0436518726443314,0.170574586056235,0.345182076633561,0.00627205734129038,0.509484605348506
"402","Lateral_OFC","Accum",0.5,0.026,0,0.237372125240398,0.0436518726443314,0.150068379951735,0.32467587052906,-0.0142341487632102,0.488978399244005
"403","Medial_OFC","Accum",0.5,0.026,0,0.303858415226499,0.0436518726443314,0.216554669937836,0.391162160515162,0.0522521412228912,0.555464689230107
"404","MiddleFrontalGyrus","Accum",0.5,0.026,0,0.183322057709902,0.0436518726443314,0.0960183124212397,0.270625802998565,-0.0682842162937053,0.43492833171351
"405","SuperiorFrontalGyrus","Accum",0.5,0.026,0,0.256672013686015,0.0436518726443314,0.169368268397353,0.343975758974678,0.0050657396824077,0.508278287689623
"406","Ventral_ACC","Accum",0.5,0.026,0,0.411447551656523,0.0436518726443314,0.324143806367861,0.498751296945186,0.159841277652916,0.663053825660131
"407","Dorsal_ACC","Caudate",0.5,0.026,0,0.442725360456123,0.0436518726443314,0.355421615167461,0.530029105744786,0.191119086452516,0.694331634459731
"408","InferiorFrontalGyrus","Caudate",0.5,0.026,0,0.323888838850843,0.0436518726443314,0.23658509356218,0.411192584139506,0.072282564847235,0.575495112854451
"409","Lateral_OFC","Caudate",0.5,0.026,0,0.270834064559359,0.0436518726443314,0.183530319270696,0.358137809848022,0.0192277905557514,0.522440338562967
"410","Medial_OFC","Caudate",0.5,0.026,0,0.240251097555128,0.0436518726443315,0.152947352266465,0.327554842843791,-0.0113551764484796,0.491857371558736
"411","MiddleFrontalGyrus","Caudate",0.5,0.026,0,0.254730567662014,0.0436518726443314,0.167426822373351,0.342034312950676,0.00312429365840566,0.506336841665621
"412","SuperiorFrontalGyrus","Caudate",0.5,0.026,0,0.319058351622899,0.0436518726443314,0.231754606334236,0.406362096911561,0.0674520776192908,0.570664625626506
"413","Ventral_ACC","Caudate",0.5,0.026,0,0.381794160252366,0.0436518726443314,0.294490414963703,0.469097905541029,0.130187886248758,0.633400434255974
"414","Dorsal_ACC","Putamen",0.5,0.026,0,0.518705501717517,0.0436518726443314,0.431401756428854,0.606009247006179,0.267099227713909,0.770311775721124
"415","InferiorFrontalGyrus","Putamen",0.5,0.026,0,0.410708203398052,0.0436518726443314,0.323404458109389,0.498011948686715,0.159101929394444,0.66231447740166
"416","Lateral_OFC","Putamen",0.5,0.026,0,0.300281375528235,0.0436518726443315,0.212977630239572,0.387585120816898,0.048675101524627,0.551887649531843
"417","Medial_OFC","Putamen",0.5,0.026,0,0.2690621262846,0.0436518726443314,0.181758380995938,0.356365871573263,0.0174558522809926,0.520668400288208
"418","MiddleFrontalGyrus","Putamen",0.5,0.026,0,0.238308824430216,0.0436518726443314,0.151005079141553,0.325612569718879,-0.0132974495733919,0.489915098433824
"419","SuperiorFrontalGyrus","Putamen",0.5,0.026,0,0.326372782996748,0.0436518726443314,0.239069037708085,0.413676528285411,0.07476650899314,0.577979057000356
"420","Ventral_ACC","Putamen",0.5,0.026,0,0.38480226478849,0.0436518726443314,0.297498519499827,0.472106010077153,0.133195990784882,0.636408538792098
"421","Dorsal_ACC","Accum",-0.5,0.035,0,0.337030136296637,0.0502147466685212,0.236600642959595,0.43745962963368,0.0805737924318659,0.593486480161409
"422","InferiorFrontalGyrus","Accum",-0.5,0.035,0,0.25511002566586,0.050214746668525,0.154680532328809,0.35553951900291,-0.0013463181989149,0.511566369530634
"423","Lateral_OFC","Accum",-0.5,0.035,0,0.216147877481237,0.050214746668525,0.115718384144187,0.316577370818287,-0.0403084663835371,0.472604221346012
"424","Medial_OFC","Accum",-0.5,0.035,0,0.244698735089363,0.050214746668525,0.144269241752313,0.345128228426413,-0.0117576087754111,0.501155078954138
"425","MiddleFrontalGyrus","Accum",-0.5,0.035,0,0.169687296032426,0.050214746668525,0.069257802695376,0.270116789369476,-0.0867690478323484,0.4261436398972
"426","SuperiorFrontalGyrus","Accum",-0.5,0.035,0,0.234144554723946,0.050214746668525,0.133715061386896,0.334574048060996,-0.0223117891408288,0.49060089858872
"427","Ventral_ACC","Accum",-0.5,0.035,0,0.368553710583221,0.050214746668525,0.268124217246171,0.468983203920271,0.112097366718446,0.625010054447995
"428","Dorsal_ACC","Caudate",-0.5,0.035,0,0.41031026622444,0.050214746668525,0.30988077288739,0.51073975956149,0.153853922359666,0.666766610089214
"429","InferiorFrontalGyrus","Caudate",-0.5,0.035,0,0.414875967234774,0.050214746668525,0.314446473897724,0.515305460571824,0.158419623369999,0.671332311099548
"430","Lateral_OFC","Caudate",-0.5,0.035,0,0.337307061829572,0.050214746668525,0.236877568492522,0.437736555166622,0.0808507179647974,0.593763405694346
"431","Medial_OFC","Caudate",-0.5,0.035,0,0.241520155138745,0.0502147466685251,0.141090661801695,0.341949648475796,-0.014936188726029,0.49797649900352
"432","MiddleFrontalGyrus","Caudate",-0.5,0.035,0,0.293841924659596,0.050214746668525,0.193412431322546,0.394271417996646,0.0373855807948218,0.550298268524371
"433","SuperiorFrontalGyrus","Caudate",-0.5,0.035,0,0.355871430722889,0.050214746668525,0.255441937385839,0.456300924059939,0.0994150868581147,0.612327774587664
"434","Ventral_ACC","Caudate",-0.5,0.035,0,0.409046135608641,0.050214746668525,0.308616642271591,0.509475628945691,0.152589791743867,0.665502479473415
"435","Dorsal_ACC","Putamen",-0.5,0.035,0,0.494728435607058,0.050214746668525,0.394298942270008,0.595157928944108,0.238272091742284,0.751184779471833
"436","InferiorFrontalGyrus","Putamen",-0.5,0.035,0,0.425055270008546,0.0502147466685251,0.324625776671496,0.525484763345596,0.168598926143771,0.68151161387332
"437","Lateral_OFC","Putamen",-0.5,0.035,0,0.285993203188858,0.0502147466685251,0.185563709851808,0.386422696525908,0.0295368593240835,0.542449547053633
"438","Medial_OFC","Putamen",-0.5,0.035,0,0.259837890784595,0.050214746668525,0.159408397447545,0.360267384121645,0.00338154691982079,0.51629423464937
"439","MiddleFrontalGyrus","Putamen",-0.5,0.035,0,0.233975675709895,0.050214746668525,0.133546182372845,0.334405169046945,-0.0224806681548792,0.49043201957467
"440","SuperiorFrontalGyrus","Putamen",-0.5,0.035,0,0.325256562279611,0.050214746668525,0.224827068942561,0.425686055616661,0.0688002184148364,0.581712906144385
"441","Ventral_ACC","Putamen",-0.5,0.035,0,0.321943164473202,0.050214746668525,0.221513671136152,0.422372657810252,0.0654868206084275,0.578399508337976
"442","Dorsal_ACC","Accum",0.5,0.035,0,0.401046142282887,0.0562705382164207,0.288505065850046,0.513587218715729,0.139609214781791,0.662483069783984
"443","InferiorFrontalGyrus","Accum",0.5,0.035,0,0.276053028945069,0.0562705382164259,0.163511952512217,0.388594105377921,0.0146161014439681,0.53748995644617
"444","Lateral_OFC","Accum",0.5,0.035,0,0.245481260803726,0.0562705382164259,0.132940184370874,0.358022337236577,-0.0159556666973753,0.506918188304826
"445","Medial_OFC","Accum",0.5,0.035,0,0.324699376253235,0.0562705382164259,0.212158299820383,0.437240452686087,0.0632624487521342,0.586136303754336
"446","MiddleFrontalGyrus","Accum",0.5,0.035,0,0.191835978666469,0.0562705382164259,0.0792949022336168,0.304377055099321,-0.0696009488346321,0.45327290616757
"447","SuperiorFrontalGyrus","Accum",0.5,0.035,0,0.270470582285711,0.0562705382164259,0.157929505852859,0.383011658718563,0.00903365478461021,0.531907509786812
"448","Ventral_ACC","Accum",0.5,0.035,0,0.431015535103589,0.0562705382164259,0.318474458670737,0.54355661153644,0.169578607602488,0.692452462604689
"449","Dorsal_ACC","Caudate",0.5,0.035,0,0.483209740693193,0.0562705382164259,0.370668664260341,0.595750817126044,0.221772813192092,0.744646668194293
"450","InferiorFrontalGyrus","Caudate",0.5,0.035,0,0.349302015427439,0.056270538216426,0.236760938994587,0.461843091860291,0.0878650879263385,0.61073894292854
"451","Lateral_OFC","Caudate",0.5,0.035,0,0.283125407573521,0.056270538216426,0.170584331140669,0.395666484006373,0.0216884800724201,0.544562335074622
"452","Medial_OFC","Caudate",0.5,0.035,0,0.255700713220801,0.056270538216426,0.143159636787949,0.368241789653653,-0.00573621428029997,0.517137640721902
"453","MiddleFrontalGyrus","Caudate",0.5,0.035,0,0.271365278242433,0.056270538216426,0.158824201809581,0.383906354675285,0.00992835074133186,0.532802205743534
"454","SuperiorFrontalGyrus","Caudate",0.5,0.035,0,0.339456410745381,0.056270538216426,0.226915334312529,0.451997487178233,0.0780194832442804,0.600893338246482
"455","Ventral_ACC","Caudate",0.5,0.035,0,0.40447196742624,0.056270538216426,0.291930890993388,0.517013043859092,0.143035039925139,0.665908894927341
"456","Dorsal_ACC","Putamen",0.5,0.035,0,0.537415758686876,0.0562705382164259,0.424874682254024,0.649956835119728,0.275978831185775,0.798852686187977
"457","InferiorFrontalGyrus","Putamen",0.5,0.035,0,0.430718312351562,0.056270538216426,0.31817723591871,0.543259388784414,0.169281384850461,0.692155239852663
"458","Lateral_OFC","Putamen",0.5,0.035,0,0.315409051934837,0.056270538216426,0.202867975501985,0.427950128367689,0.0539721244337362,0.576845979435938
"459","Medial_OFC","Putamen",0.5,0.035,0,0.28783495689242,0.056270538216426,0.175293880459568,0.400376033325272,0.0263980293913195,0.549271884393521
"460","MiddleFrontalGyrus","Putamen",0.5,0.035,0,0.249697312721838,0.056270538216426,0.137156236288986,0.36223838915469,-0.0117396147792629,0.511134240222939
"461","SuperiorFrontalGyrus","Putamen",0.5,0.035,0,0.342839355479958,0.056270538216426,0.230298279047106,0.45538043191281,0.0814024279788573,0.604276282981059
"462","Ventral_ACC","Putamen",0.5,0.035,0,0.413294103712508,0.056270538216426,0.300753027279656,0.52583518014536,0.151857176211408,0.674731031213609
